,mean,std
flow_count,1875.456430957684,2573.8952171642413
total_bytes,49959436.61901448,170754491.24754047
total_pkts,100880.1098273942,487063.7571000235
mean_bytes_per_flow,38840.50969270858,188777.0023420252
std_bytes_per_flow,529581.8087315669,2977849.822146044
unique_src_ips,423.4647828507795,836.5270150455541
unique_dst_ips,189.9608853006681,291.36697129223904
unique_src_ports,1363.0622216035636,1677.4749848569068
unique_dst_ports,292.6859688195991,1576.1556180481796
bytes_per_pkt,530.582254918844,200.5721831124752
tcp_ratio,0.3819033065515556,0.2386471996569189
udp_ratio,0.5836514085641622,0.2323260092065318
icmp_ratio,0.0218077606970963,0.0266147461816197
syn_ratio,-0.5399680724823076,0.6820391394237129
ack_ratio,-0.5370204459980575,0.684455039560828
fin_ratio,-0.8777301002088667,0.3277023656722673
rst_ratio,-0.8748716534672953,0.3354323334322667
psh_ratio,-0.8690034081375686,0.3531656376386179
mean_duration,138.23116427342322,158.29981115245974
std_duration,446.655968244712,367.3976066623786
pkts_per_sec,1175.7225536425626,21405.02876107737
bytes_per_sec,16352.388735141743,36386.694930844016
dst_port_entropy,3.400392721352012,1.4858452681163647
dst_ip_entropy,2.9467283147949312,1.5993094802910133
src_ip_entropy,4.29240339310214,2.4423269070525
mean_ttl,10.20247548908158,25.666497772301955
std_ttl,8.039765413389254,24.909780537522032
mean_pkts_per_flow,337.5256760537861,4425.3084170088605
std_pkts_per_flow,894.6364176857603,5426.5589538904405
unique_protocols,4.9909521158129175,3.1038997240249038
